item_kind,id,title,slug,url,post_type,status,published_at,modified_at,mime_type,parent_id,content_length,quality_flags,migration_recommendation
"post","1","Hello world!","hello-world","https://avukatgulcinkahraman.com/hello-world/","post","publish","2024-07-23 13:01:50","2024-07-23 13:01:50","","0","137","demo|http_reference","remove_or_410"
"page","3","Gizlilik Politikamız","gizlilik-politikamiz","https://avukatgulcinkahraman.com/gizlilik-politikamiz/","page","draft","2024-07-23 13:01:50","2024-08-16 21:09:54","","0","5543","demo|http_reference","rewrite_before_publish"
"navigation","4","Navigation","navigation","http://avukatgulcinkahraman.com/index.php/2024/07/23/navigation/","wp_navigation","publish","2024-07-23 13:01:51","2024-07-30 09:14:52","","0","718","http_reference","rebuild_menu"
"media","16","hero-bg","hero-bg","http://avukatgulcinkahraman.com/wp-content/uploads/2021/05/hero-bg.jpg","attachment","inherit","2024-07-23 13:02:43","2024-07-23 13:02:43","image/jpeg","0","0","http_reference","media_review"
"media","47","about","about","http://avukatgulcinkahraman.com/wp-content/uploads/2021/05/about.jpg","attachment","inherit","2024-07-23 13:02:43","2024-07-23 13:02:43","image/jpeg","0","0","http_reference","media_review"
"media","57","customer-1","customer-1","http://avukatgulcinkahraman.com/wp-content/uploads/2021/05/customer-1.jpg","attachment","inherit","2024-07-23 13:02:43","2024-07-23 13:02:43","image/jpeg","0","0","http_reference","exclude_demo"
"media","59","customer-3","customer-3","http://avukatgulcinkahraman.com/wp-content/uploads/2021/05/customer-3.jpg","attachment","inherit","2024-07-23 13:02:43","2024-07-23 13:02:43","image/jpeg","0","0","http_reference","exclude_demo"
"media","69","cta-img","cta-img","http://avukatgulcinkahraman.com/wp-content/uploads/2021/05/cta-img.jpg","attachment","inherit","2024-07-23 13:02:43","2024-07-23 13:02:43","image/jpeg","0","0","http_reference","media_review"
"media","75","gallery-1","gallery-1","http://avukatgulcinkahraman.com/wp-content/uploads/2021/05/gallery-1.jpg","attachment","inherit","2024-07-23 13:02:43","2024-07-23 13:02:43","image/jpeg","0","0","http_reference","media_review"
"media","76","gallery-2","gallery-2","http://avukatgulcinkahraman.com/wp-content/uploads/2021/05/gallery-2.jpg","attachment","inherit","2024-07-23 13:02:43","2024-07-23 13:02:43","image/jpeg","0","0","http_reference","media_review"
"media","77","gallery-3","gallery-3","http://avukatgulcinkahraman.com/wp-content/uploads/2021/05/gallery-3.jpg","attachment","inherit","2024-07-23 13:02:43","2024-07-23 13:02:43","image/jpeg","0","0","http_reference","media_review"
"media","110","logo","logo","http://avukatgulcinkahraman.com/wp-content/uploads/2021/05/logo.svg","attachment","inherit","2024-07-23 13:02:44","2024-07-23 13:02:44","image/svg+xml","0","0","http_reference","media_review"
"media","129","client-logo-1","client-logo-1","http://avukatgulcinkahraman.com/wp-content/uploads/2021/05/client-logo-1.png","attachment","inherit","2024-07-23 13:02:44","2024-07-23 13:02:44","image/png","0","0","http_reference","media_review"
"media","130","client-logo-2","client-logo-2","http://avukatgulcinkahraman.com/wp-content/uploads/2021/05/client-logo-2.png","attachment","inherit","2024-07-23 13:02:44","2024-07-23 13:02:44","image/png","0","0","http_reference","media_review"
"media","131","client-logo-4","client-logo-4","http://avukatgulcinkahraman.com/wp-content/uploads/2021/05/client-logo-4.png","attachment","inherit","2024-07-23 13:02:44","2024-07-23 13:02:44","image/png","0","0","http_reference","media_review"
"media","132","client-logo-5","client-logo-5","http://avukatgulcinkahraman.com/wp-content/uploads/2021/05/client-logo-5.png","attachment","inherit","2024-07-23 13:02:44","2024-07-23 13:02:44","image/png","0","0","http_reference","media_review"
"media","133","logo-black","logo-black","http://avukatgulcinkahraman.com/wp-content/uploads/2021/05/logo-black.svg","attachment","inherit","2024-07-23 13:02:44","2024-07-23 13:02:44","image/svg+xml","0","0","http_reference","media_review"
"page","135","Ana Sayfa","home","https://avukatgulcinkahraman.com/","page","publish","2024-07-23 13:02:44","2025-12-01 08:35:32","","0","117021","placeholder|kubio|http_reference","rebuild_clean_content"
"page","137","Hizmetlerimiz","hizmetlerimiz","https://avukatgulcinkahraman.com/hizmetlerimiz/","page","publish","2024-07-23 13:02:44","2024-08-18 11:34:01","","0","0","http_reference","rebuild_clean_content"
"page","139","Hakkımızda","hakkimizda","https://avukatgulcinkahraman.com/hakkimizda/","page","publish","2024-07-23 13:02:44","2025-12-01 08:31:37","","0","2285","kubio|spectra|http_reference","rebuild_clean_content"
"page","141","İletişim","iletisim","https://avukatgulcinkahraman.com/iletisim/","page","publish","2024-07-23 13:02:44","2024-12-16 19:17:44","","0","9824","kubio|spectra|http_reference","rebuild_clean_content"
"media","409","customer-4","customer-4","http://avukatgulcinkahraman.com/wp-content/uploads/2021/06/customer-4.jpg","attachment","inherit","2024-07-23 13:02:44","2024-07-23 13:02:44","image/jpeg","139","0","http_reference","exclude_demo"
"media","788","demo-screenshot","demo-screenshot","http://avukatgulcinkahraman.com/wp-content/uploads/2022/08/demo-screenshot.jpg","attachment","inherit","2024-07-23 13:02:44","2024-07-23 13:02:44","image/jpeg","0","0","http_reference","exclude_demo"
"media","789","default.png","default-png","http://avukatgulcinkahraman.com/wp-content/uploads/2024/07/default.png","attachment","inherit","2024-07-23 13:02:45","2024-07-23 13:02:45","image/png","0","0","http_reference","media_review"
"media","794","default.svg","default-svg","http://avukatgulcinkahraman.com/default-svg/","attachment","inherit","2024-07-23 13:02:45","2024-07-23 13:02:45","","0","0","http_reference","media_review"
"media","797","Ekran görüntüsü 2024-07-23 160615","ekran-goruntusu-2024-07-23-160615","https://avukatgulcinkahraman.com/wp-content/uploads/2024/07/Ekran-goruntusu-2024-07-23-160615.jpg","attachment","inherit","2024-07-23 13:06:39","2024-07-23 13:06:39","image/jpeg","0","0","","media_review"
"media","798","cropped-Ekran-goruntusu-2024-07-23-160615.jpg","cropped-ekran-goruntusu-2024-07-23-160615-jpg","https://avukatgulcinkahraman.com/wp-content/uploads/2024/07/cropped-Ekran-goruntusu-2024-07-23-160615.jpg","attachment","inherit","2024-07-23 13:06:47","2024-07-23 13:06:47","image/jpeg","797","105","","exclude_derived"
"media","811","indir","indir","https://avukatgulcinkahraman.com/wp-content/uploads/2024/07/indir.jpeg","attachment","inherit","2024-07-23 13:49:14","2024-07-23 13:49:14","image/jpeg","135","0","","media_review"
"media","813","tanrica-themis","tanrica-themis","https://avukatgulcinkahraman.com/wp-content/uploads/2024/07/tanrica-themis.webp","attachment","inherit","2024-07-23 13:50:14","2024-07-23 13:50:14","image/webp","135","0","","media_review"
"media","864","desktop-wallpaper-4-medicine-medical-logo","desktop-wallpaper-4-medicine-medical-logo","https://avukatgulcinkahraman.com/wp-content/uploads/2024/07/desktop-wallpaper-4-medicine-medical-logo.jpg","attachment","inherit","2024-07-29 12:30:42","2024-07-29 12:30:42","image/jpeg","0","0","","media_review"
"media","881","desktop-wallpaper-4-medicine-medical-logo","desktop-wallpaper-4-medicine-medical-logo-2","https://avukatgulcinkahraman.com/wp-content/uploads/2024/07/desktop-wallpaper-4-medicine-medical-logo-1.jpg","attachment","inherit","2024-07-29 12:45:48","2024-07-29 12:45:48","image/jpeg","0","0","","media_review"
"media","883","desktop-wallpaper-4-medicine-medical-logo","desktop-wallpaper-4-medicine-medical-logo-3","https://avukatgulcinkahraman.com/wp-content/uploads/2024/07/desktop-wallpaper-4-medicine-medical-logo-2.jpg","attachment","inherit","2024-07-29 12:48:15","2024-07-29 12:48:15","image/jpeg","0","0","","media_review"
"media","884","desktop-wallpaper-4-medicine-medical-logo","desktop-wallpaper-4-medicine-medical-logo-4","https://avukatgulcinkahraman.com/wp-content/uploads/2024/07/desktop-wallpaper-4-medicine-medical-logo-3.jpg","attachment","inherit","2024-07-29 12:49:02","2024-07-29 12:49:02","image/jpeg","0","0","","media_review"
"media","932","Ekran Alıntısı","ekran-alintisi","https://avukatgulcinkahraman.com/wp-content/uploads/2024/07/Ekran-Alintisi.png","attachment","inherit","2024-07-30 06:19:55","2024-07-30 06:19:55","image/png","0","0","","media_review"
"media","933","cropped-Ekran-Alintisi.png","cropped-ekran-alintisi-png","https://avukatgulcinkahraman.com/wp-content/uploads/2024/07/cropped-Ekran-Alintisi.png","attachment","inherit","2024-07-30 06:20:11","2024-07-30 06:20:11","image/png","932","86","","exclude_derived"
"media","934","cropped-cropped-Ekran-Alintisi.png","cropped-cropped-ekran-alintisi-png","https://avukatgulcinkahraman.com/wp-content/uploads/2024/07/cropped-cropped-Ekran-Alintisi.png","attachment","inherit","2024-07-30 06:20:36","2024-07-30 06:20:36","image/png","933","86","","exclude_derived"
"media","1019","Gülçin Kahraman Gedik","gulcin-kahraman-gedik","https://avukatgulcinkahraman.com/wp-content/uploads/2024/08/Gulcin-Kahraman-Gedik.png","attachment","inherit","2024-08-16 09:56:30","2024-08-16 09:56:30","image/png","0","0","","candidate_portrait"
"media","1020","cropped-Gulcin-Kahraman-Gedik.png","cropped-gulcin-kahraman-gedik-png","https://avukatgulcinkahraman.com/wp-content/uploads/2024/08/cropped-Gulcin-Kahraman-Gedik.png","attachment","inherit","2024-08-16 09:56:45","2024-08-16 09:56:45","image/png","1019","93","","exclude_derived"
"media","1023","gb1b11d90ee9e69086fcadc1ccfab79127bde9416e8b062f8e16c4cdd9dd3c3e0b69be44e3a1a0726755bd4f32a06822c8358a0f0fd3beaf73e757c257c226ea3_1280-7533897","gb1b11d90ee9e69086fcadc1ccfab79127bde9416e8b062f8e16c4cdd9dd3c3e0b69be44e3a1a0726755bd4f32a06822c8358a0f0fd3beaf73e757c257c226ea3_1280-7533897","https://avukatgulcinkahraman.com/wp-content/uploads/2024/08/gb1b11d90ee9e69086fcadc1ccfab79127bde9416e8b062f8e16c4cdd9dd3c3e0b69be44e3a1a0726755bd4f32a06822c8358a0f0fd3beaf73e757c257c226ea3_1280-7533897.jpg","attachment","inherit","2024-08-16 13:53:49","2024-08-16 13:53:49","image/jpeg","0","0","","media_review"
"media","1024","cropped-gb1b11d90ee9e69086fcadc1ccfab79127bde9416e8b062f8e16c4cdd9dd3c3e0b69be44e3a1a0726755bd4f32a06822c8358a0f0fd3beaf73e757c257c226ea3_1280-7533897.jpg","cropped-gb1b11d90ee9e69086fcadc1ccfab79127bde9416e8b062f8e16c4cdd9dd3c3e0b69be44e3a1a0726755bd4f32a06822c8358a0f0fd3beaf73e757c257c226ea3_1280-7533897-jpg","https://avukatgulcinkahraman.com/wp-content/uploads/2024/08/cropped-gb1b11d90ee9e69086fcadc1ccfab79127bde9416e8b062f8e16c4cdd9dd3c3e0b69be44e3a1a0726755bd4f32a06822c8358a0f0fd3beaf73e757c257c226ea3_1280-7533897.jpg","attachment","inherit","2024-08-16 13:53:55","2024-08-16 13:53:55","image/jpeg","1023","214","","exclude_derived"
"media","1025","Law concept, owl in a judge gavel concept","law-concept-owl-in-a-judge-gavel-concept","https://avukatgulcinkahraman.com/wp-content/uploads/2024/08/aa11.jpg","attachment","inherit","2024-08-16 13:56:39","2024-08-16 13:56:39","image/jpeg","0","0","","media_review"
"media","1026","Law concept, owl in a judge gavel concept","law-concept-owl-in-a-judge-gavel-concept-2","https://avukatgulcinkahraman.com/wp-content/uploads/2024/08/cropped-aa11.jpg","attachment","inherit","2024-08-16 13:56:54","2024-08-16 13:56:54","image/jpeg","1025","76","","media_review"
"media","1027","Lady Justice Statue","lady-justice-statue","https://avukatgulcinkahraman.com/wp-content/uploads/2024/08/bb11.jpg","attachment","inherit","2024-08-16 13:57:52","2024-08-16 13:57:52","image/jpeg","0","0","","media_review"
"media","1028","Lady Justice Statue","lady-justice-statue-2","https://avukatgulcinkahraman.com/wp-content/uploads/2024/08/cropped-bb11.jpg","attachment","inherit","2024-08-16 13:58:03","2024-08-16 13:58:03","image/jpeg","1027","76","","media_review"
"media","1029","as","as","https://avukatgulcinkahraman.com/wp-content/uploads/2024/08/as.jpg","attachment","inherit","2024-08-16 13:59:12","2024-08-16 13:59:12","image/jpeg","0","0","","media_review"
"media","1030","cropped-as.jpg","cropped-as-jpg","https://avukatgulcinkahraman.com/wp-content/uploads/2024/08/cropped-as.jpg","attachment","inherit","2024-08-16 13:59:24","2024-08-16 13:59:24","image/jpeg","1029","74","","exclude_derived"
"media","1031","stock-photo-judges-gavel-and-law-books","stock-photo-judges-gavel-and-law-books","https://avukatgulcinkahraman.com/wp-content/uploads/2024/08/stock-photo-judges-gavel-and-law-books.jpg","attachment","inherit","2024-08-16 13:59:47","2024-08-16 13:59:47","image/jpeg","0","0","","media_review"
"media","1032","cropped-stock-photo-judges-gavel-and-law-books.jpg","cropped-stock-photo-judges-gavel-and-law-books-jpg","https://avukatgulcinkahraman.com/wp-content/uploads/2024/08/cropped-stock-photo-judges-gavel-and-law-books.jpg","attachment","inherit","2024-08-16 14:00:00","2024-08-16 14:00:00","image/jpeg","1031","110","","exclude_derived"
"page","1037","Blog","blog","https://avukatgulcinkahraman.com/blog/","page","publish","2024-08-16 14:10:50","2024-08-16 21:05:42","","0","0","","301_to_makaleler"
"media","1062","about.jpg","about-jpg","https://static-assets.kubiobuilder.com/themes/kubio/assets/about.jpg","attachment","inherit","2024-08-16 14:17:58","2024-08-16 14:17:58","image/jpeg","0","0","","exclude_demo"
"media","1063","1-1.jpg","1-1-jpg","https://static-assets.kubiobuilder.com/themes/kubio/assets/1-1.jpg","attachment","inherit","2024-08-16 14:17:59","2024-08-16 14:17:59","image/jpeg","0","0","","exclude_demo"
"media","1064","2.jpg","2-jpg","https://static-assets.kubiobuilder.com/themes/kubio/assets/2.jpg","attachment","inherit","2024-08-16 14:18:00","2024-08-16 14:18:00","image/jpeg","0","0","","exclude_demo"
"media","1065","3-1.jpg","3-1-jpg","https://static-assets.kubiobuilder.com/themes/kubio/assets/3-1.jpg","attachment","inherit","2024-08-16 14:18:01","2024-08-16 14:18:01","image/jpeg","0","0","","exclude_demo"
"media","1066","4-1.jpg","4-1-jpg","https://static-assets.kubiobuilder.com/themes/kubio/assets/4-1.jpg","attachment","inherit","2024-08-16 14:18:02","2024-08-16 14:18:02","image/jpeg","0","0","","exclude_demo"
"media","1067","6-1.jpg","6-1-jpg","https://static-assets.kubiobuilder.com/themes/kubio/assets/6-1.jpg","attachment","inherit","2024-08-16 14:18:05","2024-08-16 14:18:05","image/jpeg","0","0","","exclude_demo"
"media","1068","11.jpg","11-jpg","https://static-assets.kubiobuilder.com/themes/kubio/assets/11.jpg","attachment","inherit","2024-08-16 14:18:08","2024-08-16 14:18:08","image/jpeg","0","0","","exclude_demo"
"media","1069","8.jpg","8-jpg","https://static-assets.kubiobuilder.com/themes/kubio/assets/8.jpg","attachment","inherit","2024-08-16 14:18:09","2024-08-16 14:18:09","image/jpeg","0","0","","exclude_demo"
"media","1070","9.jpg","9-jpg","https://static-assets.kubiobuilder.com/themes/kubio/assets/9.jpg","attachment","inherit","2024-08-16 14:18:10","2024-08-16 14:18:10","image/jpeg","0","0","","exclude_demo"
"media","1071","woman5.jpg","woman5-jpg","https://static-assets.kubiobuilder.com/themes/kubio/assets/woman5.jpg","attachment","inherit","2024-08-16 14:18:11","2024-08-16 14:18:11","image/jpeg","0","0","","exclude_demo"
"media","1072","woman1.jpg","woman1-jpg","https://static-assets.kubiobuilder.com/themes/kubio/assets/woman1.jpg","attachment","inherit","2024-08-16 14:18:11","2024-08-16 14:18:11","image/jpeg","0","0","","exclude_demo"
"media","1073","man4.jpg","man4-jpg","https://static-assets.kubiobuilder.com/themes/kubio/assets/man4.jpg","attachment","inherit","2024-08-16 14:18:12","2024-08-16 14:18:12","image/jpeg","0","0","","exclude_demo"
"media","1074","logoipsum-logo-8.png","logoipsum-logo-8-png","https://static-assets.kubiobuilder.com/themes/kubio/assets/logoipsum-logo-8.png","attachment","inherit","2024-08-16 14:18:12","2024-08-16 14:18:12","image/png","0","0","","exclude_demo"
"media","1075","logoipsum-logo-2.png","logoipsum-logo-2-png","https://static-assets.kubiobuilder.com/themes/kubio/assets/logoipsum-logo-2.png","attachment","inherit","2024-08-16 14:18:12","2024-08-16 14:18:12","image/png","0","0","","exclude_demo"
"media","1076","logoipsum-logo-5.png","logoipsum-logo-5-png","https://static-assets.kubiobuilder.com/themes/kubio/assets/logoipsum-logo-5.png","attachment","inherit","2024-08-16 14:18:12","2024-08-16 14:18:12","image/png","0","0","","exclude_demo"
"media","1077","logoipsum-logo-25.png","logoipsum-logo-25-png","https://static-assets.kubiobuilder.com/themes/kubio/assets/logoipsum-logo-25.png","attachment","inherit","2024-08-16 14:18:12","2024-08-16 14:18:12","image/png","0","0","","exclude_demo"
"media","1078","woman3.jpg","woman3-jpg","https://static-assets.kubiobuilder.com/themes/kubio/assets/woman3.jpg","attachment","inherit","2024-08-16 14:18:13","2024-08-16 14:18:13","image/jpeg","0","0","","exclude_demo"
"media","1079","man3.jpg","man3-jpg","https://static-assets.kubiobuilder.com/themes/kubio/assets/man3.jpg","attachment","inherit","2024-08-16 14:18:13","2024-08-16 14:18:13","image/jpeg","0","0","","exclude_demo"
"media","1080","man1.jpg","man1-jpg","https://static-assets.kubiobuilder.com/themes/kubio/assets/man1.jpg","attachment","inherit","2024-08-16 14:18:14","2024-08-16 14:18:14","image/jpeg","0","0","","exclude_demo"
"media","1085","Gülçin Kahraman Gedik-Photoroom","gulcin-kahraman-gedik-photoroom","https://avukatgulcinkahraman.com/wp-content/uploads/2024/08/Gulcin-Kahraman-Gedik-Photoroom.png","attachment","inherit","2024-08-16 14:33:32","2024-08-16 14:33:32","image/png","0","0","","candidate_portrait"
"media","1087","Gülçin Kahraman Gedik-Photoroom","gulcin-kahraman-gedik-photoroom-2","https://avukatgulcinkahraman.com/wp-content/uploads/2024/08/Gulcin-Kahraman-Gedik-Photoroom-1.png","attachment","inherit","2024-08-16 14:35:32","2024-08-16 14:35:32","image/png","0","0","","candidate_portrait"
"media","1107","Lady Justice Statue","lady-justice-statue-3","https://avukatgulcinkahraman.com/wp-content/uploads/2024/08/bb11-1.jpg","attachment","inherit","2024-08-16 17:01:54","2024-08-16 17:01:54","image/jpeg","0","0","","media_review"
"media","1166","geefe26c381be35df73f4a32af7d88dc16f24a92720692c96e67eb301c9df7bef007999fbdd51e92ad24a36bab4a8050c_1280-180339","geefe26c381be35df73f4a32af7d88dc16f24a92720692c96e67eb301c9df7bef007999fbdd51e92ad24a36bab4a8050c_1280-180339","https://avukatgulcinkahraman.com/wp-content/uploads/2024/08/geefe26c381be35df73f4a32af7d88dc16f24a92720692c96e67eb301c9df7bef007999fbdd51e92ad24a36bab4a8050c_1280-180339.jpg","attachment","inherit","2024-08-18 10:34:22","2024-08-18 10:34:22","image/jpeg","0","0","","media_review"
"form","1181","Kubio Contact Form","kubio-contact-form","https://avukatgulcinkahraman.com/?post_type=forminator_forms&p=1181","forminator_forms","publish","2024-08-18 11:29:52","2024-08-18 11:29:52","","0","0","","rebuild_and_test"
"form","1182","İletişim Formu","","https://avukatgulcinkahraman.com/?post_type=forminator_forms&p=1182","forminator_forms","draft","2024-08-18 11:30:28","2024-08-18 11:30:28","","0","0","","exclude_draft"
"media","1213","1674644253932-Photoroom","1674644253932-photoroom-2","https://avukatgulcinkahraman.com/wp-content/uploads/2024/08/1674644253932-Photoroom-1.png","attachment","inherit","2024-08-18 17:16:23","2024-08-18 17:16:23","image/png","0","0","","media_review"
"media","1216","Law concept, owl in a judge gavel concept","law-concept-owl-in-a-judge-gavel-concept-3","https://avukatgulcinkahraman.com/wp-content/uploads/2024/08/topuz.jpg","attachment","inherit","2024-08-18 17:21:09","2024-08-18 17:21:09","image/jpeg","0","0","","media_review"
"page","1302","Kanser İlacı Davaları","kanser-ilaci-davalari","https://avukatgulcinkahraman.com/kanser-ilaci-davalari/","page","publish","2024-08-28 12:54:18","2024-12-19 13:30:12","","0","5656","kubio","rebuild_clean_content"
"media","1304","about1-1.jpg","about1-1-jpg","https://static.kubiobuilder.com/snippets/free-about-2023-1-1724222521/assets/2024/08/about1-1.jpg","attachment","inherit","2024-08-28 12:55:01","2024-08-28 12:55:01","image/jpeg","0","0","","exclude_demo"
"media","1317","Remove-bg.ai_1725995637743","remove-bg-ai_1725995637743","https://avukatgulcinkahraman.com/wp-content/uploads/2024/09/Remove-bg.ai_1725995637743.png","attachment","inherit","2024-09-10 19:14:22","2024-09-10 19:14:22","image/png","0","0","","media_review"
"page","1356","Makaleler","makaleler","https://avukatgulcinkahraman.com/makaleler/","page","publish","2024-09-29 07:31:17","2024-09-29 07:45:07","","0","16373","kubio","rebuild_clean_content"
"page","1427","Aile Hukuku 2","aile-hukuku-2","https://avukatgulcinkahraman.com/aile-hukuku-2/","page","publish","2024-12-07 12:03:04","2024-12-07 12:04:02","","0","1391","kubio","merge_301_to_aile-hukuku"
"page","1430","Aile Hukuku","aile-hukuku","https://avukatgulcinkahraman.com/aile-hukuku/","page","publish","2024-12-07 12:04:22","2024-12-19 13:23:18","","0","3587","kubio","rebuild_clean_content"
"page","1432","Kira Tespit ve Tahliye","kira-tespit-ve-tahliye","https://avukatgulcinkahraman.com/kira-tespit-ve-tahliye/","page","publish","2024-12-07 12:08:05","2024-12-19 13:28:22","","0","3999","kubio","rebuild_clean_content"
"media","1436","unnamed","unnamed","https://avukatgulcinkahraman.com/wp-content/uploads/2024/12/unnamed.jpg","attachment","inherit","2024-12-07 12:59:16","2024-12-07 12:59:16","image/jpeg","0","0","","media_review"
"media","1437","unnamed","unnamed-2","https://avukatgulcinkahraman.com/wp-content/uploads/2024/12/unnamed-1.jpg","attachment","inherit","2024-12-07 12:59:39","2024-12-07 12:59:39","image/jpeg","0","0","","media_review"
"media","1441","kanser-tedavisi-icin-diski-fayda-saglayabilir-bir-ortaokul-ogrencisinden-surpriz-kesif-17334066002384_2","kanser-tedavisi-icin-diski-fayda-saglayabilir-bir-ortaokul-ogrencisinden-surpriz-kesif-17334066002384_2","https://avukatgulcinkahraman.com/wp-content/uploads/2024/12/kanser-tedavisi-icin-diski-fayda-saglayabilir-bir-ortaokul-ogrencisinden-surpriz-kesif-17334066002384_2.jpg","attachment","inherit","2024-12-07 13:16:44","2024-12-07 13:16:44","image/jpeg","0","0","","media_review"
"media","1444","kanser-tedavisi-icin-diski-fayda-saglayabilir-bir-ortaokul-ogrencisinden-surpriz-kesif-17334066002384_2","kanser-tedavisi-icin-diski-fayda-saglayabilir-bir-ortaokul-ogrencisinden-surpriz-kesif-17334066002384_2-2","https://avukatgulcinkahraman.com/wp-content/uploads/2024/12/kanser-tedavisi-icin-diski-fayda-saglayabilir-bir-ortaokul-ogrencisinden-surpriz-kesif-17334066002384_2-1.jpg","attachment","inherit","2024-12-07 13:17:56","2024-12-07 13:17:56","image/jpeg","0","0","","media_review"
"media","1447","kanser-tedavisi-icin-diski-fayda-saglayabilir-bir-ortaokul-ogrencisinden-surpriz-kesif-17334066002384_2","kanser-tedavisi-icin-diski-fayda-saglayabilir-bir-ortaokul-ogrencisinden-surpriz-kesif-17334066002384_2-3","https://avukatgulcinkahraman.com/wp-content/uploads/2024/12/kanser-tedavisi-icin-diski-fayda-saglayabilir-bir-ortaokul-ogrencisinden-surpriz-kesif-17334066002384_2-1-edited.jpg","attachment","inherit","2024-12-07 13:18:53","2024-12-07 13:18:53","image/jpeg","0","0","","media_review"
"media","1448","kanser-tedavisi-icin-diski-fayda-saglayabilir-bir-ortaokul-ogrencisinden-surpriz-kesif-17334066002384_2","kanser-tedavisi-icin-diski-fayda-saglayabilir-bir-ortaokul-ogrencisinden-surpriz-kesif-17334066002384_2-4","https://avukatgulcinkahraman.com/wp-content/uploads/2024/12/kanser-tedavisi-icin-diski-fayda-saglayabilir-bir-ortaokul-ogrencisinden-surpriz-kesif-17334066002384_2-2.jpg","attachment","inherit","2024-12-07 13:19:32","2024-12-07 13:19:32","image/jpeg","0","0","","media_review"
"media","1460","kira","kira","https://avukatgulcinkahraman.com/wp-content/uploads/2024/12/kira.jpg","attachment","inherit","2024-12-19 13:07:44","2024-12-19 13:07:44","image/jpeg","0","0","","media_review"
"media","1477","PHOTO-2025-12-01-11-15-14","photo-2025-12-01-11-15-14","https://avukatgulcinkahraman.com/wp-content/uploads/2025/12/PHOTO-2025-12-01-11-15-14.jpg","attachment","inherit","2025-12-01 08:31:34","2025-12-01 08:31:34","image/jpeg","0","0","","candidate_portrait"
